id,description,position,wt_aa,mut_aa,dg_predicted,ddg,new_codon,forward_primer,reverse_primer,fwd_len,rev_len,fwd_tm,rev_tm,fwd_gc_pct,rev_gc_pct
SNP_171_FR,F171R,171,F,R,-4.921,1.58,CGT,TCCGGGCAAACGTTTTGCTGTCC,GGACAGCAAAACGTTTGCCCGGA,23,23,72,72,56.5,56.5
SNP_164_IR,I164R,164,I,R,-4.946,1.556,CGT,GACTACGGAACGTATTGGTGATC,GATCACCAATACGTTCCGTAGTC,23,23,68,68,47.8,47.8
SNP_171_FD,F171D,171,F,D,-4.977,1.523,GAT,TCCGGGCAAAGATTTTGCTGTCC,GGACAGCAAAATCTTTGCCCGGA,23,23,70,70,52.2,52.2
SNP_168_GR,G168R,168,G,R,-5.02,1.518,CGT,CATTGGTGATCGTGGCAAAATGT,ACATTTTGCCACGATCACCAATG,23,23,66,66,43.5,43.5
SNP_171_FE,F171E,171,F,E,-5.031,1.469,GAA,TCCGGGCAAAGAATTTGCTGTCC,GGACAGCAAATTCTTTGCCCGGA,23,23,70,70,52.2,52.2
SNP_164_ID,I164D,164,I,D,-5.046,1.454,GAT,GACTACGGAAGATATTGGTGATC,GATCACCAATATCTTCCGTAGTC,23,23,66,66,43.5,43.5
SNP_171_FK,F171K,171,F,K,-5.048,1.451,AAA,TCCGGGCAAAAAATTTGCTGTCC,GGACAGCAAATTTTTTGCCCGGA,23,23,68,68,47.8,47.8
SNP_164_IK,I164K,164,I,K,-5.049,1.449,AAA,GACTACGGAAAAAATTGGTGATC,GATCACCAATTTTTTCCGTAGTC,23,23,64,64,39.1,39.1
SNP_165_GR,G165R,165,G,R,-5.089,1.412,CGT,TACGGAAGTCCGTGGTGATCCGG,CCGGATCACCACGGACTTCCGTA,23,23,74,74,60.9,60.9
SNP_164_IE,I164E,164,I,E,-5.093,1.409,GAA,GACTACGGAAGAAATTGGTGATC,GATCACCAATTTCTTCCGTAGTC,23,23,66,66,43.5,43.5
